
{
	"allowSleep" : true,
	"autoClearForces" : true,
	"body" : 
	[
		
		{
			"angle" : 0,
			"angularVelocity" : 0,
			"awake" : true,
			"fixture" : 
			[
				
				{
					"chain" : 
					{
						"vertices" : 
						{
							"x" : 
							[
								0.0,
								0.3524081707000732,
								1.474796772003174,
								2.303285598754883,
								3.174479961395264,
								4.054215431213379,
								5.282499790191650,
								5.651543617248535,
								6.095901966094971,
								6.156153678894043,
								6.751142501831055,
								6.946962356567383,
								7.263285160064697,
								7.564545154571533,
								8.852432250976562,
								10.34453010559082,
								11.02286148071289,
								12.42977523803711,
								13.01478576660156,
								13.24651432037354,
								13.62684154510498,
								13.83165740966797,
								14.40027904510498,
								14.65776443481445,
								15.00497722625732,
								15.28586864471436,
								15.46532726287842,
								16.44672584533691,
								16.63610267639160,
								17.47240638732910,
								17.80887222290039,
								18.34721755981445,
								19.03077507019043,
								20.00135612487793,
								20.70169258117676,
								21.48866844177246,
								22.0734863281250,
								22.21066474914551,
								22.81714248657227,
								23.13319206237793,
								23.35385704040527,
								23.89464187622070,
								24.62812042236328,
								25.12849998474121,
								26.41576766967773,
								26.86354827880859,
								27.37204360961914,
								28.47422409057617,
								28.87595176696777,
								29.23401451110840,
								29.63574218750,
								29.78420829772949,
								29.99380493164062,
								30.61386489868164,
								31.01559448242188,
								31.43478775024414,
								31.81904602050781,
								31.99371147155762
							],
							"y" : 
							[
								3.370757102966309,
								3.514900922775269,
								3.509972810745239,
								3.339150190353394,
								3.245198011398315,
								3.245198011398315,
								3.378843069076538,
								3.454158306121826,
								3.537004709243774,
								3.461689710617065,
								3.461689710617065,
								3.461689710617065,
								3.378843069076538,
								3.386374711990356,
								3.552067756652832,
								3.558034896850586,
								3.507787942886353,
								3.507787942886353,
								3.509696960449219,
								3.497924566268921,
								3.462541580200195,
								3.519146442413330,
								3.544876098632812,
								3.548776865005493,
								3.490257740020752,
								3.521467924118042,
								3.525369167327881,
								3.579223871231079,
								3.570536851882935,
								3.541133880615234,
								3.445506572723389,
								3.342795848846436,
								3.279044389724731,
								3.269854068756104,
								3.334833860397339,
								3.435913562774658,
								3.551433086395264,
								3.464793205261230,
								3.464793205261230,
								3.410285711288452,
								3.391638040542603,
								3.404069900512695,
								3.515956401824951,
								3.556359767913818,
								3.559096336364746,
								3.521148681640625,
								3.498380184173584,
								3.52474832534790,
								3.402482986450195,
								3.332617282867432,
								3.437416076660156,
								3.481082201004028,
								3.52474832534790,
								3.559681177139282,
								3.489815235137939,
								3.542214870452881,
								3.743080615997314,
								3.743080615997314
							]
						}
					},
					"density" : 1,
					"friction" : 1,
					"name" : "fixture0"
				}
			],
			"linearVelocity" : 0,
			"name" : "Ground",
			"position" : 
			{
				"x" : 32.0,
				"y" : 0
			},
			"type" : 0
		},
		
		{
			"angle" : 0,
			"angularVelocity" : 0,
			"awake" : true,
			"fixture" : 
			[
				
				{
					"chain" : 
					{
						"vertices" : 
						{
							"x" : 
							[
								-0.4438667297363281,
								0.7896003723144531,
								2.271898746490479,
								3.542273998260498,
								4.460550785064697,
								5.352861404418945,
								6.598414421081543,
								9.127447128295898,
								9.112512588500977,
								9.068637847900391
							],
							"y" : 
							[
								-1.234373092651367,
								-0.4908165931701660,
								0.3431997299194336,
								1.043892860412598,
								1.591589927673340,
								1.908447623252869,
								1.853044271469116,
								1.749731302261353,
								0.3336402177810669,
								-0.2061963081359863
							]
						}
					},
					"density" : 1,
					"friction" : 0.2,
					"name" : "fixture3"
				}
			],
			"linearVelocity" : 0,
			"name" : "Top",
			"position" : 
			{
				"x" : 6.400969982147217,
				"y" : 8.343970298767090
			},
			"type" : 0
		},
		
		{
			"angle" : 0,
			"angularVelocity" : 0,
			"awake" : true,
			"fixture" : 
			[
				
				{
					"chain" : 
					{
						"hasNextVertex" : true,
						"hasPrevVertex" : true,
						"nextVertex" : 
						{
							"x" : 0.4565457105636597,
							"y" : 0.8873327970504761
						},
						"prevVertex" : 
						{
							"x" : -0.2434562742710114,
							"y" : -1.291851639747620
						},
						"vertices" : 
						{
							"x" : 
							[
								0.4565483331680298,
								0.4565457105636597,
								-1.743454813957214,
								-1.743452668190002,
								-0.2434528768062592,
								-0.2434562742710114,
								0.4565483331680298
							],
							"y" : 
							[
								-1.291849970817566,
								0.8873327970504761,
								0.8873362541198730,
								0.708151102066040,
								0.7081512212753296,
								-1.291851639747620,
								-1.291849970817566
							]
						}
					},
					"density" : 1,
					"friction" : 0.2,
					"name" : "fixture2"
				}
			],
			"linearVelocity" : 0,
			"name" : "Stopper",
			"position" : 
			{
				"x" : 11.61427116394043,
				"y" : 4.271567821502686
			},
			"type" : 0
		},
		
		{
			"angle" : 0,
			"angularVelocity" : 0,
			"awake" : true,
			"fixture" : 
			[
				
				{
					"chain" : 
					{
						"hasNextVertex" : true,
						"hasPrevVertex" : true,
						"nextVertex" : 0,
						"prevVertex" : 
						{
							"x" : -64.0,
							"y" : -12.0
						},
						"vertices" : 
						{
							"x" : [ 0.0, 0.0, -64.0, -64.0, 0.0 ],
							"y" : [ -12.0, 0.0, 0.0, -12.0, -12.0 ]
						}
					},
					"density" : 1,
					"filter-categoryBits" : 0,
					"filter-maskBits" : 0,
					"friction" : 0.2,
					"name" : "fixture1"
				}
			],
			"linearVelocity" : 0,
			"name" : "BoundingBox",
			"position" : 
			{
				"x" : 64.0,
				"y" : 12.0
			},
			"type" : 0
		},
		
		{
			"angle" : 0,
			"angularVelocity" : 0,
			"awake" : true,