
{
	"allowSleep" : true,
	"autoClearForces" : true,
	"body" :
	[

		{
			"angle" : 0,
			"angularVelocity" : 0,
			"awake" : true,
			"fixture" :
			[

				{
					"circle" :
					{
						"center" : 0,
						"radius" : 0.5156691670417786
					},
					"density" : 1,
					"filter-maskBits" : 65533,
					"friction" : 0.2,
					"name" : "FootFixture",
					"sensor" : true
				},

				{
					"circle" :
					{
						"center" : 0,
						"radius" : 0.4700503051280975
					},
					"density" : 1,
					"filter-maskBits" : 65533,
					"friction" : 0.2,
					"name" : "MainBodyFixture"
				}
			],
			"linearVelocity" : 0,
			"massData-I" : 0.1877546608448029,
			"massData-mass" : 1.529522180557251,
			"name" : "MainBody",
			"position" :
			{
				"x" : 2.481637477874756,
				"y" : 5.745410442352295
			},
			"type" : 2
		}
	],
	"collisionbitplanes" :
	{
		"names" :
		[
			"bitplane1",
			"bitplane2",
			"bitplane3",
			"bitplane4",
			"bitplane5",
			"bitplane6",
			"bitplane7",
			"bitplane8",
			"bitplane9",
			"bitplane10",
			"bitplane11",
			"bitplane12",
			"bitplane13",
			"bitplane14",
			"bitplane15",
			"bitplane16",
			"bitplane17",
			"bitplane18",
			"bitplane19",
			"bitplane20",
			"bitplane21",
			"bitplane22",
			"bitplane23",
			"bitplane24",
			"bitplane25",
			"bitplane26",
			"bitplane27",
			"bitplane28",
			"bitplane29",
			"bitplane30",
			"bitplane31",
			"bitplane32"
		]
	},
	"continuousPhysics" : true,
	"gravity" :
	{
		"x" : 0,
		"y" : -10
	},
	"image" :
	[

		{
			"aspectScale" : 1,
			"body" : 0,
			"center" : 0,
			"corners" :
			{
				"x" :
				[
					-0.4700503051280975,
					0.4700503051280975,
					0.4700503051280975,
					-0.4700503051280975
				],
				"y" :
				[
					-0.4700503051280975,
					-0.4700503051280975,
					0.4700503051280975,
					0.4700503051280975
				]
			},
			"file" : "../../Desktop/lvl-1-graphics/lvl-1-graphics/player.png",
			"filter" : 1,
			"glDrawElements" : [ 0, 1, 2, 2, 3, 0 ],
			"glTexCoordPointer" : [ 0.0, 0.0, 1, 0.0, 1, 1, 0.0, 1 ],
			"glVertexPointer" :
			[
				-0.4700503051280975,
				-0.4700503051280975,
				0.4700503051280975,
				-0.4700503051280975,
				0.4700503051280975,
				0.4700503051280975,
				-0.4700503051280975,
				0.4700503051280975
			],
			"name" : "PlayerImage",
			"opacity" : 1,
			"renderOrder" : 3,
			"scale" : 0.9401006102561951
		}
	],
	"positionIterations" : 3,
	"stepsPerSecond" : 60.0,
	"subStepping" : false,
	"velocityIterations" : 8,
	"warmStarting" : true
}
