
{
	"allowSleep" : true,
	"autoClearForces" : true,
	"body" : 
	[
		
		{
			"angle" : 0,
			"angularVelocity" : 0,
			"awake" : true,
			"fixture" : 
			[
				
				{
					"chain" : 
					{
						"hasNextVertex" : true,
						"hasPrevVertex" : true,
						"nextVertex" : 0,
						"prevVertex" : 
						{
							"x" : -16.0,
							"y" : -12.0
						},
						"vertices" : 
						{
							"x" : [ 0.0, 0.0, -16.0, -16.0, 0.0 ],
							"y" : [ -12.0, 0.0, 0.0, -12.0, -12.0 ]
						}
					},
					"density" : 1,
					"filter-categoryBits" : 0,
					"filter-maskBits" : 0,
					"friction" : 0.2,
					"name" : "fixture1"
				}
			],
			"linearVelocity" : 0,
			"name" : "BoundingBox",
			"position" : 
			{
				"x" : 16.0,
				"y" : 12.0
			},
			"type" : 0
		},
		
		{
			"angle" : 0,
			"angularVelocity" : 0,
			"awake" : true,
			"fixture" : 
			[
				
				{
					"chain" : 
					{
						"vertices" : 
						{
							"x" : 
							[
								0.0,
								0.3524081707000732,
								1.474796772003174,
								2.303285598754883,
								3.174479961395264,
								4.054215431213379,
								5.282499790191650,
								5.651543617248535,
								6.095901966094971,
								6.156153678894043,
								6.751142501831055,
								6.946962356567383,
								7.263285160064697,
								7.564545154571533,
								8.852432250976562,
								10.34453010559082,
								11.02286148071289,
								12.42977523803711,
								13.05010414123535,
								13.29360389709473,
								13.72102069854736,
								13.83165740966797,
								14.40027904510498,
								14.65776443481445,
								15.00497722625732,
								15.28586864471436,
								15.46532726287842,
								15.64868640899658,
								15.73841571807861,
								15.80473709106445,
								15.99980068206787
							],
							"y" : 
							[
								3.370757102966309,
								3.514900922775269,
								3.509972810745239,
								3.339150190353394,
								3.245198011398315,
								3.245198011398315,
								3.378843069076538,
								3.454158306121826,
								3.537004709243774,
								3.461689710617065,
								3.461689710617065,
								3.461689710617065,
								3.378843069076538,
								3.386374711990356,
								3.552067756652832,
								3.558034896850586,
								3.507787942886353,
								3.507787942886353,
								3.356654882431030,
								3.356654882431030,
								3.462541580200195,
								3.519146442413330,
								3.544876098632812,
								3.548776865005493,
								3.490257740020752,
								3.521467924118042,
								3.525369167327881,
								3.595592021942139,
								3.669716358184814,
								3.739938974380493,
								3.739938974380493
							]
						}
					},
					"density" : 1,
					"friction" : 0.2,
					"name" : "fixture0"
				}
			],
			"linearVelocity" : 0,
			"name" : "body0",
			"position" : 0,
			"type" : 0
		}
	],
	"collisionbitplanes" : 
	{
		"names" : 
		[
			"bitplane1",
			"bitplane2",
			"bitplane3",
			"bitplane4",
			"bitplane5",
			"bitplane6",
			"bitplane7",
			"bitplane8",
			"bitplane9",
			"bitplane10",
			"bitplane11",
			"bitplane12",
			"bitplane13",
			"bitplane14",
			"bitplane15",
			"bitplane16",
			"bitplane17",
			"bitplane18",
			"bitplane19",
			"bitplane20",
			"bitplane21",
			"bitplane22",
			"bitplane23",
			"bitplane24",
			"bitplane25",
			"bitplane26",
			"bitplane27",
			"bitplane28",
			"bitplane29",
			"bitplane30",
			"bitplane31",
			"bitplane32"
		]
	},
	"continuousPhysics" : true,
	"gravity" : 
	{
		"x" : 0,
		"y" : -10
	},
	"image" : 
	[
		
		{
			"aspectScale" : 1,
			"body" : 1,
			"center" : 
			{
				"x" : 8,
				"y" : 6
			},
			"corners" : 
			{
				"x" : [ 0.0, 16.0, 16.0, 0.0 ],
				"y" : [ 0.0, 0.0, 12.0, 12.0 ]
			},
			"file" : "../../groundalpha1.png",
			"filter" : 1,
			"glDrawElements" : [ 0, 1, 2, 2, 3, 0 ],
			"glTexCoordPointer" : [ 0.0, 0.0, 1, 0.0, 1, 1, 0.0, 1 ],
			"glVertexPointer" : [ 0.0, 0.0, 16.0, 0.0, 16.0, 12.0, 0.0, 12.0 ],
			"name" : "image0",
			"opacity" : 1,
			"scale" : 12.0
		}
	],
	"positionIterations" : 3,
	"stepsPerSecond" : 60.0,
	"subStepping" : false,
	"velocityIterations" : 8,
	"warmStarting" : true
}
